{"version":{"versionId":"3.45.0-5.14.0","buildId":"812335b-64fc665","serviceName":""},"preparations":[{"id":"0a0e5e9d-70d3-4a0c-af8c-8c3fbe60c2b0","baseDataSetId":"f490d947-3d32-41a2-ad44-00d70db56e40","baseDataSetName":"Customers Dataset","name":"Customers Dataset Preparation","creationDate":"2023-03-16T14:31:07.368+00:00","lastModificationDate":"2023-03-26T15:57:42.746+00:00","author":{"id":"bf103038-c4e2-4b0c-a0d9-bb14cb445e37"},"baseMetadata":{"columnMetadata":[{"name":"ID","typeName":"integer"},{"name":"FIRST_NAME","typeName":"string"},{"name":"LAST_NAME","typeName":"string"},{"name":"GENDER","typeName":"string"},{"name":"AGE","typeName":"string"},{"name":"OCCUPATION","typeName":"string"},{"name":"MARITALSTATUS_OUT","typeName":"string"},{"name":"SALARY_OUT","typeName":"string"},{"name":"ADDRESS","typeName":"string"},{"name":"CITY","typeName":"string"},{"name":"STATE","typeName":"string"},{"name":"ZIP","typeName":"integer"},{"name":"PHONE","typeName":"string"},{"name":"ALT_PHONE","typeName":"string"},{"name":"EMAIL","typeName":"string"},{"name":"SUBDATE","typeName":"date"},{"name":"NUMBER_OF_RENTALS","typeName":"integer"}]},"steps":[{"actions":[]},{"actions":[{"name":"type_change","parameters":{"column_id":"0000","column_name":"ID","new_type":"INTEGER","scope":"column"}}]},{"actions":[{"name":"type_change","parameters":{"column_id":"0000","column_name":"ID","new_type":"INTEGER","scope":"column"}},{"name":"domain_change","parameters":{"column_id":"0002","column_name":"LAST_NAME","new_domain_label":"Last Name","new_domain_id":"LAST_NAME","scope":"column"}}]},{"actions":[{"name":"type_change","parameters":{"column_id":"0000","column_name":"ID","new_type":"INTEGER","scope":"column"}},{"name":"domain_change","parameters":{"column_id":"0002","column_name":"LAST_NAME","new_domain_label":"Last Name","new_domain_id":"LAST_NAME","scope":"column"}},{"name":"type_change","parameters":{"column_id":"0004","column_name":"AGE","new_type":"STRING","scope":"column"}}]},{"actions":[{"name":"type_change","parameters":{"column_id":"0000","column_name":"ID","new_type":"INTEGER","scope":"column"}},{"name":"domain_change","parameters":{"column_id":"0002","column_name":"LAST_NAME","new_domain_label":"Last Name","new_domain_id":"LAST_NAME","scope":"column"}},{"name":"type_change","parameters":{"column_id":"0004","column_name":"AGE","new_type":"STRING","scope":"column"}},{"name":"type_change","parameters":{"column_id":"0007","column_name":"SALARY_OUT","new_type":"STRING","scope":"column"}}]},{"actions":[{"name":"type_change","parameters":{"column_id":"0000","column_name":"ID","new_type":"INTEGER","scope":"column"}},{"name":"domain_change","parameters":{"column_id":"0002","column_name":"LAST_NAME","new_domain_label":"Last Name","new_domain_id":"LAST_NAME","scope":"column"}},{"name":"type_change","parameters":{"column_id":"0004","column_name":"AGE","new_type":"STRING","scope":"column"}},{"name":"type_change","parameters":{"column_id":"0007","column_name":"SALARY_OUT","new_type":"STRING","scope":"column"}},{"name":"domain_change","parameters":{"column_id":"0010","column_name":"STATE","new_domain_label":"US State Code","new_domain_id":"US_STATE_CODE","scope":"column"}}]},{"actions":[{"name":"type_change","parameters":{"column_id":"0000","column_name":"ID","new_type":"INTEGER","scope":"column"}},{"name":"domain_change","parameters":{"column_id":"0002","column_name":"LAST_NAME","new_domain_label":"Last Name","new_domain_id":"LAST_NAME","scope":"column"}},{"name":"type_change","parameters":{"column_id":"0004","column_name":"AGE","new_type":"STRING","scope":"column"}},{"name":"type_change","parameters":{"column_id":"0007","column_name":"SALARY_OUT","new_type":"STRING","scope":"column"}},{"name":"domain_change","parameters":{"column_id":"0010","column_name":"STATE","new_domain_label":"US State Code","new_domain_id":"US_STATE_CODE","scope":"column"}},{"name":"domain_change","parameters":{"column_id":"0011","column_name":"ZIP","new_domain_label":"US Postal Code","new_domain_id":"US_POSTAL_CODE","scope":"column"}}]},{"actions":[{"name":"type_change","parameters":{"column_id":"0000","column_name":"ID","new_type":"INTEGER","scope":"column"}},{"name":"domain_change","parameters":{"column_id":"0002","column_name":"LAST_NAME","new_domain_label":"Last Name","new_domain_id":"LAST_NAME","scope":"column"}},{"name":"type_change","parameters":{"column_id":"0004","column_name":"AGE","new_type":"STRING","scope":"column"}},{"name":"type_change","parameters":{"column_id":"0007","column_name":"SALARY_OUT","new_type":"STRING","scope":"column"}},{"name":"domain_change","parameters":{"column_id":"0010","column_name":"STATE","new_domain_label":"US State Code","new_domain_id":"US_STATE_CODE","scope":"column"}},{"name":"domain_change","parameters":{"column_id":"0011","column_name":"ZIP","new_domain_label":"US Postal Code","new_domain_id":"US_POSTAL_CODE","scope":"column"}},{"name":"type_change","parameters":{"column_id":"0011","column_name":"ZIP","new_type":"STRING","scope":"column"}}]},{"actions":[{"name":"type_change","parameters":{"column_id":"0000","column_name":"ID","new_type":"INTEGER","scope":"column"}},{"name":"domain_change","parameters":{"column_id":"0002","column_name":"LAST_NAME","new_domain_label":"Last Name","new_domain_id":"LAST_NAME","scope":"column"}},{"name":"type_change","parameters":{"column_id":"0004","column_name":"AGE","new_type":"STRING","scope":"column"}},{"name":"type_change","parameters":{"column_id":"0007","column_name":"SALARY_OUT","new_type":"STRING","scope":"column"}},{"name":"domain_change","parameters":{"column_id":"0010","column_name":"STATE","new_domain_label":"US State Code","new_domain_id":"US_STATE_CODE","scope":"column"}},{"name":"domain_change","parameters":{"column_id":"0011","column_name":"ZIP","new_domain_label":"US Postal Code","new_domain_id":"US_POSTAL_CODE","scope":"column"}},{"name":"type_change","parameters":{"column_id":"0011","column_name":"ZIP","new_type":"STRING","scope":"column"}},{"name":"type_change","parameters":{"column_id":"0015","column_name":"SUBDATE","new_type":"DATE","scope":"column"}}]},{"actions":[{"name":"type_change","parameters":{"column_id":"0000","column_name":"ID","new_type":"INTEGER","scope":"column"}},{"name":"domain_change","parameters":{"column_id":"0002","column_name":"LAST_NAME","new_domain_label":"Last Name","new_domain_id":"LAST_NAME","scope":"column"}},{"name":"type_change","parameters":{"column_id":"0004","column_name":"AGE","new_type":"STRING","scope":"column"}},{"name":"type_change","parameters":{"column_id":"0007","column_name":"SALARY_OUT","new_type":"STRING","scope":"column"}},{"name":"domain_change","parameters":{"column_id":"0010","column_name":"STATE","new_domain_label":"US State Code","new_domain_id":"US_STATE_CODE","scope":"column"}},{"name":"domain_change","parameters":{"column_id":"0011","column_name":"ZIP","new_domain_label":"US Postal Code","new_domain_id":"US_POSTAL_CODE","scope":"column"}},{"name":"type_change","parameters":{"column_id":"0011","column_name":"ZIP","new_type":"STRING","scope":"column"}},{"name":"type_change","parameters":{"column_id":"0015","column_name":"SUBDATE","new_type":"DATE","scope":"column"}},{"name":"domain_change","parameters":{"column_id":"0011","column_name":"ZIP","new_domain_label":"US Postal Code","new_domain_id":"US_POSTAL_CODE","scope":"column"}}]},{"actions":[{"name":"type_change","parameters":{"column_id":"0000","column_name":"ID","new_type":"INTEGER","scope":"column"}},{"name":"domain_change","parameters":{"column_id":"0002","column_name":"LAST_NAME","new_domain_label":"Last Name","new_domain_id":"LAST_NAME","scope":"column"}},{"name":"type_change","parameters":{"column_id":"0004","column_name":"AGE","new_type":"STRING","scope":"column"}},{"name":"type_change","parameters":{"column_id":"0007","column_name":"SALARY_OUT","new_type":"STRING","scope":"column"}},{"name":"domain_change","parameters":{"column_id":"0010","column_name":"STATE","new_domain_label":"US State Code","new_domain_id":"US_STATE_CODE","scope":"column"}},{"name":"domain_change","parameters":{"column_id":"0011","column_name":"ZIP","new_domain_label":"US Postal Code","new_domain_id":"US_POSTAL_CODE","scope":"column"}},{"name":"type_change","parameters":{"column_id":"0011","column_name":"ZIP","new_type":"STRING","scope":"column"}},{"name":"type_change","parameters":{"column_id":"0015","column_name":"SUBDATE","new_type":"DATE","scope":"column"}},{"name":"domain_change","parameters":{"column_id":"0011","column_name":"ZIP","new_domain_label":"US Postal Code","new_domain_id":"US_POSTAL_CODE","scope":"column"}},{"name":"replace_on_value","parameters":{"column_id":"0003","create_new_column":"false","scope":"column","column_name":"GENDER","replace_entire_cell":"true","cell_value":{"value":"0","operator":"equals"},"replace_value":"F"}}]},{"actions":[{"name":"type_change","parameters":{"column_id":"0000","column_name":"ID","new_type":"INTEGER","scope":"column"}},{"name":"domain_change","parameters":{"column_id":"0002","column_name":"LAST_NAME","new_domain_label":"Last Name","new_domain_id":"LAST_NAME","scope":"column"}},{"name":"type_change","parameters":{"column_id":"0004","column_name":"AGE","new_type":"STRING","scope":"column"}},{"name":"type_change","parameters":{"column_id":"0007","column_name":"SALARY_OUT","new_type":"STRING","scope":"column"}},{"name":"domain_change","parameters":{"column_id":"0010","column_name":"STATE","new_domain_label":"US State Code","new_domain_id":"US_STATE_CODE","scope":"column"}},{"name":"domain_change","parameters":{"column_id":"0011","column_name":"ZIP","new_domain_label":"US Postal Code","new_domain_id":"US_POSTAL_CODE","scope":"column"}},{"name":"type_change","parameters":{"column_id":"0011","column_name":"ZIP","new_type":"STRING","scope":"column"}},{"name":"type_change","parameters":{"column_id":"0015","column_name":"SUBDATE","new_type":"DATE","scope":"column"}},{"name":"domain_change","parameters":{"column_id":"0011","column_name":"ZIP","new_domain_label":"US Postal Code","new_domain_id":"US_POSTAL_CODE","scope":"column"}},{"name":"replace_on_value","parameters":{"column_id":"0003","create_new_column":"false","scope":"column","column_name":"GENDER","replace_entire_cell":"true","cell_value":{"value":"0","operator":"equals"},"replace_value":"F"}},{"name":"replace_on_value","parameters":{"column_id":"0003","create_new_column":"false","scope":"column","column_name":"GENDER","replace_entire_cell":"true","cell_value":{"value":"1","operator":"equals"},"replace_value":"M"}}]},{"actions":[{"name":"type_change","parameters":{"column_id":"0000","column_name":"ID","new_type":"INTEGER","scope":"column"}},{"name":"domain_change","parameters":{"column_id":"0002","column_name":"LAST_NAME","new_domain_label":"Last Name","new_domain_id":"LAST_NAME","scope":"column"}},{"name":"type_change","parameters":{"column_id":"0004","column_name":"AGE","new_type":"STRING","scope":"column"}},{"name":"type_change","parameters":{"column_id":"0007","column_name":"SALARY_OUT","new_type":"STRING","scope":"column"}},{"name":"domain_change","parameters":{"column_id":"0010","column_name":"STATE","new_domain_label":"US State Code","new_domain_id":"US_STATE_CODE","scope":"column"}},{"name":"domain_change","parameters":{"column_id":"0011","column_name":"ZIP","new_domain_label":"US Postal Code","new_domain_id":"US_POSTAL_CODE","scope":"column"}},{"name":"type_change","parameters":{"column_id":"0011","column_name":"ZIP","new_type":"STRING","scope":"column"}},{"name":"type_change","parameters":{"column_id":"0015","column_name":"SUBDATE","new_type":"DATE","scope":"column"}},{"name":"domain_change","parameters":{"column_id":"0011","column_name":"ZIP","new_domain_label":"US Postal Code","new_domain_id":"US_POSTAL_CODE","scope":"column"}},{"name":"replace_on_value","parameters":{"column_id":"0003","create_new_column":"false","scope":"column","column_name":"GENDER","replace_entire_cell":"true","cell_value":{"value":"0","operator":"equals"},"replace_value":"F"}},{"name":"replace_on_value","parameters":{"column_id":"0003","create_new_column":"false","scope":"column","column_name":"GENDER","replace_entire_cell":"true","cell_value":{"value":"1","operator":"equals"},"replace_value":"M"}},{"name":"replace_on_value","parameters":{"column_id":"0006","create_new_column":"false","scope":"column","column_name":"MARITALSTATUS_OUT","replace_entire_cell":"true","cell_value":{"value":"0 - Single","operator":"equals"},"replace_value":"Single"}}]},{"actions":[{"name":"type_change","parameters":{"column_id":"0000","column_name":"ID","new_type":"INTEGER","scope":"column"}},{"name":"domain_change","parameters":{"column_id":"0002","column_name":"LAST_NAME","new_domain_label":"Last Name","new_domain_id":"LAST_NAME","scope":"column"}},{"name":"type_change","parameters":{"column_id":"0004","column_name":"AGE","new_type":"STRING","scope":"column"}},{"name":"type_change","parameters":{"column_id":"0007","column_name":"SALARY_OUT","new_type":"STRING","scope":"column"}},{"name":"domain_change","parameters":{"column_id":"0010","column_name":"STATE","new_domain_label":"US State Code","new_domain_id":"US_STATE_CODE","scope":"column"}},{"name":"domain_change","parameters":{"column_id":"0011","column_name":"ZIP","new_domain_label":"US Postal Code","new_domain_id":"US_POSTAL_CODE","scope":"column"}},{"name":"type_change","parameters":{"column_id":"0011","column_name":"ZIP","new_type":"STRING","scope":"column"}},{"name":"type_change","parameters":{"column_id":"0015","column_name":"SUBDATE","new_type":"DATE","scope":"column"}},{"name":"domain_change","parameters":{"column_id":"0011","column_name":"ZIP","new_domain_label":"US Postal Code","new_domain_id":"US_POSTAL_CODE","scope":"column"}},{"name":"replace_on_value","parameters":{"column_id":"0003","create_new_column":"false","scope":"column","column_name":"GENDER","replace_entire_cell":"true","cell_value":{"value":"0","operator":"equals"},"replace_value":"F"}},{"name":"replace_on_value","parameters":{"column_id":"0003","create_new_column":"false","scope":"column","column_name":"GENDER","replace_entire_cell":"true","cell_value":{"value":"1","operator":"equals"},"replace_value":"M"}},{"name":"replace_on_value","parameters":{"column_id":"0006","create_new_column":"false","scope":"column","column_name":"MARITALSTATUS_OUT","replace_entire_cell":"true","cell_value":{"value":"0 - Single","operator":"equals"},"replace_value":"Single"}},{"name":"replace_on_value","parameters":{"column_id":"0006","create_new_column":"false","scope":"column","column_name":"MARITALSTATUS_OUT","replace_entire_cell":"true","cell_value":{"value":"1 - Married","operator":"equals"},"replace_value":"Married"}}]},{"actions":[{"name":"type_change","parameters":{"column_id":"0000","column_name":"ID","new_type":"INTEGER","scope":"column"}},{"name":"domain_change","parameters":{"column_id":"0002","column_name":"LAST_NAME","new_domain_label":"Last Name","new_domain_id":"LAST_NAME","scope":"column"}},{"name":"type_change","parameters":{"column_id":"0004","column_name":"AGE","new_type":"STRING","scope":"column"}},{"name":"type_change","parameters":{"column_id":"0007","column_name":"SALARY_OUT","new_type":"STRING","scope":"column"}},{"name":"domain_change","parameters":{"column_id":"0010","column_name":"STATE","new_domain_label":"US State Code","new_domain_id":"US_STATE_CODE","scope":"column"}},{"name":"domain_change","parameters":{"column_id":"0011","column_name":"ZIP","new_domain_label":"US Postal Code","new_domain_id":"US_POSTAL_CODE","scope":"column"}},{"name":"type_change","parameters":{"column_id":"0011","column_name":"ZIP","new_type":"STRING","scope":"column"}},{"name":"type_change","parameters":{"column_id":"0015","column_name":"SUBDATE","new_type":"DATE","scope":"column"}},{"name":"domain_change","parameters":{"column_id":"0011","column_name":"ZIP","new_domain_label":"US Postal Code","new_domain_id":"US_POSTAL_CODE","scope":"column"}},{"name":"replace_on_value","parameters":{"column_id":"0003","create_new_column":"false","scope":"column","column_name":"GENDER","replace_entire_cell":"true","cell_value":{"value":"0","operator":"equals"},"replace_value":"F"}},{"name":"replace_on_value","parameters":{"column_id":"0003","create_new_column":"false","scope":"column","column_name":"GENDER","replace_entire_cell":"true","cell_value":{"value":"1","operator":"equals"},"replace_value":"M"}},{"name":"replace_on_value","parameters":{"column_id":"0006","create_new_column":"false","scope":"column","column_name":"MARITALSTATUS_OUT","replace_entire_cell":"true","cell_value":{"value":"0 - Single","operator":"equals"},"replace_value":"Single"}},{"name":"replace_on_value","parameters":{"column_id":"0006","create_new_column":"false","scope":"column","column_name":"MARITALSTATUS_OUT","replace_entire_cell":"true","cell_value":{"value":"1 - Married","operator":"equals"},"replace_value":"Married"}},{"name":"fillemptywithdefault","parameters":{"column_id":"0001","mode":"constant_mode","column_name":"FIRST_NAME","default_value":"FNU","scope":"column"}}]},{"actions":[{"name":"type_change","parameters":{"column_id":"0000","column_name":"ID","new_type":"INTEGER","scope":"column"}},{"name":"domain_change","parameters":{"column_id":"0002","column_name":"LAST_NAME","new_domain_label":"Last Name","new_domain_id":"LAST_NAME","scope":"column"}},{"name":"type_change","parameters":{"column_id":"0004","column_name":"AGE","new_type":"STRING","scope":"column"}},{"name":"type_change","parameters":{"column_id":"0007","column_name":"SALARY_OUT","new_type":"STRING","scope":"column"}},{"name":"domain_change","parameters":{"column_id":"0010","column_name":"STATE","new_domain_label":"US State Code","new_domain_id":"US_STATE_CODE","scope":"column"}},{"name":"domain_change","parameters":{"column_id":"0011","column_name":"ZIP","new_domain_label":"US Postal Code","new_domain_id":"US_POSTAL_CODE","scope":"column"}},{"name":"type_change","parameters":{"column_id":"0011","column_name":"ZIP","new_type":"STRING","scope":"column"}},{"name":"type_change","parameters":{"column_id":"0015","column_name":"SUBDATE","new_type":"DATE","scope":"column"}},{"name":"domain_change","parameters":{"column_id":"0011","column_name":"ZIP","new_domain_label":"US Postal Code","new_domain_id":"US_POSTAL_CODE","scope":"column"}},{"name":"replace_on_value","parameters":{"column_id":"0003","create_new_column":"false","scope":"column","column_name":"GENDER","replace_entire_cell":"true","cell_value":{"value":"0","operator":"equals"},"replace_value":"F"}},{"name":"replace_on_value","parameters":{"column_id":"0003","create_new_column":"false","scope":"column","column_name":"GENDER","replace_entire_cell":"true","cell_value":{"value":"1","operator":"equals"},"replace_value":"M"}},{"name":"replace_on_value","parameters":{"column_id":"0006","create_new_column":"false","scope":"column","column_name":"MARITALSTATUS_OUT","replace_entire_cell":"true","cell_value":{"value":"0 - Single","operator":"equals"},"replace_value":"Single"}},{"name":"replace_on_value","parameters":{"column_id":"0006","create_new_column":"false","scope":"column","column_name":"MARITALSTATUS_OUT","replace_entire_cell":"true","cell_value":{"value":"1 - Married","operator":"equals"},"replace_value":"Married"}},{"name":"fillemptywithdefault","parameters":{"column_id":"0001","mode":"constant_mode","column_name":"FIRST_NAME","default_value":"FNU","scope":"column"}},{"name":"fillemptywithdefault","parameters":{"column_id":"0002","mode":"constant_mode","column_name":"LAST_NAME","default_value":"LNU","scope":"column"}}]},{"actions":[{"name":"type_change","parameters":{"column_id":"0000","column_name":"ID","new_type":"INTEGER","scope":"column"}},{"name":"domain_change","parameters":{"column_id":"0002","column_name":"LAST_NAME","new_domain_label":"Last Name","new_domain_id":"LAST_NAME","scope":"column"}},{"name":"type_change","parameters":{"column_id":"0004","column_name":"AGE","new_type":"STRING","scope":"column"}},{"name":"type_change","parameters":{"column_id":"0007","column_name":"SALARY_OUT","new_type":"STRING","scope":"column"}},{"name":"domain_change","parameters":{"column_id":"0010","column_name":"STATE","new_domain_label":"US State Code","new_domain_id":"US_STATE_CODE","scope":"column"}},{"name":"domain_change","parameters":{"column_id":"0011","column_name":"ZIP","new_domain_label":"US Postal Code","new_domain_id":"US_POSTAL_CODE","scope":"column"}},{"name":"type_change","parameters":{"column_id":"0011","column_name":"ZIP","new_type":"STRING","scope":"column"}},{"name":"type_change","parameters":{"column_id":"0015","column_name":"SUBDATE","new_type":"DATE","scope":"column"}},{"name":"domain_change","parameters":{"column_id":"0011","column_name":"ZIP","new_domain_label":"US Postal Code","new_domain_id":"US_POSTAL_CODE","scope":"column"}},{"name":"replace_on_value","parameters":{"column_id":"0003","create_new_column":"false","scope":"column","column_name":"GENDER","replace_entire_cell":"true","cell_value":{"value":"0","operator":"equals"},"replace_value":"F"}},{"name":"replace_on_value","parameters":{"column_id":"0003","create_new_column":"false","scope":"column","column_name":"GENDER","replace_entire_cell":"true","cell_value":{"value":"1","operator":"equals"},"replace_value":"M"}},{"name":"replace_on_value","parameters":{"column_id":"0006","create_new_column":"false","scope":"column","column_name":"MARITALSTATUS_OUT","replace_entire_cell":"true","cell_value":{"value":"0 - Single","operator":"equals"},"replace_value":"Single"}},{"name":"replace_on_value","parameters":{"column_id":"0006","create_new_column":"false","scope":"column","column_name":"MARITALSTATUS_OUT","replace_entire_cell":"true","cell_value":{"value":"1 - Married","operator":"equals"},"replace_value":"Married"}},{"name":"fillemptywithdefault","parameters":{"column_id":"0001","mode":"constant_mode","column_name":"FIRST_NAME","default_value":"FNU","scope":"column"}},{"name":"fillemptywithdefault","parameters":{"column_id":"0002","mode":"constant_mode","column_name":"LAST_NAME","default_value":"LNU","scope":"column"}},{"name":"type_change","parameters":{"column_id":"0016","column_name":"NUMBER_OF_RENTALS","new_type":"INTEGER","scope":"column"}}]}],"preparationVersions":[]}]}